TOA5,Carmi,CR1000,70415,CR1000.Std.27.04,CPU:saint_albans_outer20170628.cr1,4226,PFL_Step,,,,,,,,,,,,,,,,
TIMESTAMP,RECORD,PFL_Counter,_CntRS232,_RS232Dpt,sensorParms(1),sensorParms(2),sensorParms(3),sensorParms(4),sensorParms(5),sensorParms(6),sensorParms(7),sensorParms(8),sensorParms(9),sensorParms(10),sensorParms(11),sensorParms(12),sensorParms(13),sensorParms(14),sensorParms(15),sensorParms(16),sensorParms(17),sensorParms(18),sensorParms(19)
TS,RN,,,,,,,,,,,,,,,ug/L,RFU,ug/L,RFU,,,,
,,,,,Temp,SpCond,Cond,Sal,pH,pH,Turbid,fDOM,fDOM,ODOsat,ODO mg/L,Chl,Chl,BGA PC,BGA PC,Depth,Cable Power,Battery,Vertical Position Meters
2020-07-12 10:12:35,41158,719,1,5.18,24.32,124.04,122.44,0.06,7.88,-59.62,2.19,17.26,5.83,80.53,6.74,4.29,1.08,0.45,0.44,5.18,12.11,5.55,5.18
2020-07-12 10:13:48,41159,719,1,5.71,23.85,124.35,121.62,0.06,7.72,-49.7,1.88,17.78,6,71.4,6.03,4.08,1.02,0.35,0.33,5.71,12.12,5.56,5.71
2020-07-12 10:15:01,41160,719,1,6.22,23.57,124.04,120.65,0.06,7.64,-44.78,1.65,18.31,6.18,66.44,5.64,3.5,0.88,0.22,0.2,6.22,12.12,5.55,6.22
2020-07-12 10:16:13,41161,719,1,6.71,23.4,124.29,120.49,0.06,7.59,-41.78,1.63,18.5,6.24,63.43,5.4,2.97,0.74,0.22,0.2,6.71,12.12,5.55,6.71
2020-07-12 10:17:26,41162,719,1,7.23,23.12,124.34,119.88,0.06,7.54,-39.21,1.53,18.99,6.41,60.2,5.15,3.42,0.86,0.23,0.22,7.23,12.12,5.55,7.23
2020-07-12 10:18:39,41163,719,1,7.71,22.76,125.54,120.17,0.06,7.46,-33.95,1.96,19.92,6.72,47.01,4.05,2.64,0.66,0.17,0.16,7.71,12.12,5.55,7.71
2020-07-12 10:19:51,41164,719,1,8.18,22.7,125.74,120.22,0.06,7.43,-32.64,2.27,19.91,6.72,45.05,3.88,2.69,0.67,0.15,0.13,8.18,12.02,5.55,8.18
2020-07-12 10:21:04,41165,719,1,8.67,20.87,133.52,122.99,0.06,7.31,-25.49,2.28,25.43,8.58,12.6,1.13,1.48,0.37,0.1,0.08,8.67,12.12,5.55,8.67
2020-07-12 11:01:37,41166,720,1,0.54,25.65,122.84,124.37,0.06,8.74,-111.24,4.29,15.38,5.19,103.98,8.49,7.4,1.85,1.25,1.24,0.53,11.88,5.55,0.54
2020-07-12 11:02:51,41167,720,1,1.21,25.64,122.84,124.34,0.06,8.73,-110.71,4.69,15.22,5.14,103.43,8.45,5.48,1.37,1.18,1.17,1.21,11.98,5.55,1.21
2020-07-12 11:04:03,41168,720,1,1.69,25.66,123.2,124.74,0.06,8.75,-111.67,4.2,15.25,5.15,103.84,8.48,3.74,0.94,1.21,1.2,1.69,12.06,5.55,1.69
2020-07-12 11:05:16,41169,720,1,2.19,25.61,123.3,124.73,0.06,8.68,-107.42,3.98,15.43,5.21,102.03,8.34,5.19,1.3,1.21,1.2,2.19,12.12,5.55,2.19
2020-07-12 11:06:29,41170,720,1,2.72,25.57,123.39,124.72,0.06,8.62,-104.25,4.28,15.51,5.23,100.9,8.25,6.05,1.52,1.2,1.19,2.72,12.12,5.55,2.72
2020-07-12 11:07:41,41171,720,1,3.19,25.49,123.51,124.66,0.06,8.53,-98.75,4.29,15.68,5.29,98.9,8.1,5.17,1.29,1.12,1.11,3.19,12.12,5.55,3.19
2020-07-12 11:08:54,41172,720,1,3.72,25.45,123.36,124.41,0.06,8.47,-95.02,4.08,15.69,5.3,97.86,8.02,5.08,1.27,1.07,1.06,3.72,11.98,5.55,3.72
2020-07-12 11:10:07,41173,720,1,4.21,25.33,123.55,124.32,0.06,8.33,-86.67,4.2,15.74,5.31,95.41,7.84,5.74,1.44,0.91,0.9,4.21,11.97,5.55,4.21
2020-07-12 11:11:19,41174,720,1,4.67,24.96,123.8,123.71,0.06,8.14,-75.08,3.11,16.46,5.56,90.44,7.48,4.97,1.24,0.69,0.68,4.67,11.95,5.55,4.67
2020-07-12 11:12:32,41175,720,1,5.19,24.21,123.83,121.96,0.06,7.84,-57.2,2.16,17.27,5.83,78.05,6.54,4.44,1.11,0.44,0.42,5.19,11.98,5.55,5.19
2020-07-12 11:13:45,41176,720,1,5.7,23.98,123.94,121.53,0.06,7.73,-50.71,2.09,17.74,5.99,72.85,6.13,4.72,1.18,0.39,0.38,5.7,11.99,5.56,5.7
2020-07-12 11:14:58,41177,720,1,6.21,23.67,123.86,120.71,0.06,7.65,-45.54,1.71,18.19,6.14,67.37,5.71,2.78,0.7,0.26,0.24,6.21,12.12,5.55,6.21
2020-07-12 11:16:11,41178,720,1,6.73,23.43,123.75,120.04,0.06,7.6,-42.36,1.36,18.69,6.31,63.25,5.38,3.04,0.76,0.24,0.22,6.73,12.12,5.55,6.73
2020-07-12 11:17:23,41179,720,1,7.21,23.07,124.02,119.45,0.06,7.54,-39.27,1.43,18.99,6.41,58.8,5.04,2.75,0.69,0.15,0.13,7.21,12.12,5.55,7.21
2020-07-12 11:18:35,41180,720,1,7.66,22.85,124.56,119.44,0.06,7.5,-36.4,1.66,19.44,6.56,53.52,4.6,2.64,0.66,0.16,0.14,7.66,12.12,5.55,7.66
2020-07-12 11:19:48,41181,720,1,8.21,22.05,128.64,121.4,0.06,7.38,-29.24,2.82,21.91,7.39,29.08,2.54,3.2,0.8,0.18,0.16,8.21,12.12,5.55,8.21
2020-07-12 11:21:00,41182,720,1,8.67,20.94,133.47,123.12,0.06,7.32,-25.57,2.39,25.49,8.6,12.57,1.12,2.2,0.55,0.11,0.09,8.67,12.12,5.55,8.67
2020-07-12 12:01:37,41183,721,1,0.51,25.69,123.72,125.36,0.06,8.78,-113.63,4.43,15.25,5.15,105.36,8.59,4.4,1.1,1.23,1.22,0.51,12.39,5.55,0.51
2020-07-12 12:02:51,41184,721,1,1.24,25.69,123.07,124.69,0.06,8.78,-113.5,4.72,15.01,5.07,104.88,8.56,5.01,1.26,1.19,1.18,1.24,12.39,5.55,1.24
2020-07-12 12:04:03,41185,721,1,1.73,25.67,123.34,124.93,0.06,8.77,-113.36,4.15,15.19,5.13,105.09,8.58,4.31,1.08,1.21,1.2,1.73,12.36,5.56,1.73
2020-07-12 12:05:15,41186,721,1,2.19,25.65,123.02,124.55,0.06,8.76,-112.4,4.08,15.23,5.14,104.31,8.51,6.69,1.68,1.37,1.36,2.19,12.18,5.55,2.19
2020-07-12 12:06:28,41187,721,1,2.73,25.64,123.22,124.73,0.06,8.75,-112.04,3.91,15.26,5.15,104.39,8.52,5.3,1.33,1.24,1.23,2.73,12.24,5.55,2.73
2020-07-12 12:07:40,41188,721,1,3.18,25.62,123.19,124.64,0.06,8.74,-111.02,4.49,15.3,5.16,103.49,8.45,5.62,1.41,1.25,1.24,3.19,12.47,5.56,3.18
2020-07-12 12:08:52,41189,721,1,3.65,25.58,123.48,124.84,0.06,8.7,-108.89,4.13,15.37,5.19,102.95,8.42,5.38,1.35,1.19,1.18,3.66,12.12,5.55,3.65
2020-07-12 12:10:05,41190,721,1,4.2,25.25,123.82,124.41,0.06,8.3,-84.94,3.67,15.79,5.33,94.6,7.78,5.03,1.26,0.87,0.86,4.2,12.12,5.55,4.2
2020-07-12 12:11:17,41191,721,1,4.66,25.12,123.79,124.06,0.06,8.16,-76.15,3.07,16.17,5.46,91.16,7.52,5.14,1.29,0.8,0.79,4.66,11.96,5.55,4.66
2020-07-12 12:12:30,41192,721,1,5.19,24.47,124.3,123.04,0.06,7.9,-60.95,2.45,17.15,5.79,81.14,6.77,5.03,1.26,0.52,0.51,5.19,11.91,5.55,5.19
2020-07-12 12:13:43,41193,721,1,5.72,23.95,124.08,121.58,0.06,7.73,-50.51,1.83,17.96,6.06,71.38,6.01,3.73,0.93,0.31,0.29,5.72,11.86,5.55,5.72
2020-07-12 12:14:55,41194,721,1,6.2,23.77,123.41,120.51,0.06,7.67,-46.98,1.83,18.27,6.17,68.11,5.76,3.34,0.84,0.28,0.26,6.2,11.81,5.56,6.2
2020-07-12 12:16:08,41195,721,1,6.73,23.56,123.25,119.85,0.06,7.61,-43.43,1.61,18.46,6.23,64.15,5.44,2.87,0.72,0.2,0.18,6.72,11.76,5.55,6.73
2020-07-12 12:17:21,41196,721,1,7.2,23.34,123.35,119.44,0.06,7.55,-39.88,1.64,18.71,6.31,59.78,5.09,2.96,0.74,0.2,0.18,7.2,11.77,5.55,7.2
2020-07-12 12:18:34,41197,721,1,7.67,22.99,124.31,119.54,0.06,7.46,-34.46,2.36,19.47,6.57,48.71,4.18,3.24,0.81,0.17,0.15,7.66,11.76,5.55,7.67
2020-07-12 12:19:47,41198,721,1,8.19,22.21,126.28,119.54,0.06,7.39,-30.12,3.05,21.17,7.14,36.3,3.16,3.64,0.91,0.2,0.18,8.19,11.76,5.55,8.19
2020-07-12 12:21:00,41199,721,1,8.67,21.22,130.59,121.15,0.06,7.32,-25.88,2.24,24.12,8.14,16.78,1.49,1.88,0.47,0.09,0.07,8.67,11.84,5.55,8.67
2020-07-12 13:01:37,41200,722,1,0.49,25.74,122.61,124.35,0.06,8.82,-115.85,4.37,15.08,5.09,106.66,8.69,5.04,1.26,1.25,1.24,0.49,11.93,5.55,0.49
2020-07-12 13:02:51,41201,722,1,1.23,25.74,123.04,124.77,0.06,8.79,-114.33,4.31,15.01,5.07,105.71,8.62,5.09,1.28,1.25,1.24,1.23,11.95,5.55,1.23
2020-07-12 13:04:03,41202,722,1,1.72,25.7,123.27,124.92,0.06,8.77,-113,4.44,15.18,5.13,105.54,8.61,5.4,1.35,1.28,1.27,1.71,11.97,5.55,1.72
2020-07-12 13:05:15,41203,722,1,2.17,25.69,123.35,124.97,0.06,8.76,-112.5,4.33,15,5.06,104.8,8.55,5.44,1.36,1.28,1.27,2.17,11.94,5.55,2.17
2020-07-12 13:06:28,41204,722,1,2.72,25.67,123.34,124.91,0.06,8.75,-111.57,4.37,15.15,5.11,104.67,8.54,5.61,1.41,1.31,1.3,2.72,11.81,5.55,2.72
2020-07-12 13:07:40,41205,722,1,3.19,25.64,123.32,124.83,0.06,8.73,-110.83,4.37,15.33,5.18,103.81,8.48,5.29,1.33,1.26,1.25,3.19,11.79,5.55,3.19
2020-07-12 13:08:53,41206,722,1,3.72,25.53,123.41,124.67,0.06,8.62,-103.95,4.25,15.39,5.2,101.45,8.3,5.44,1.36,1.19,1.18,3.72,11.82,5.55,3.72
2020-07-12 13:10:06,41207,722,1,4.23,25.35,123.61,124.44,0.06,8.44,-92.99,3.77,15.84,5.35,97.34,7.99,4.89,1.22,0.96,0.94,4.23,11.72,5.55,4.23
2020-07-12 13:11:19,41208,722,1,4.7,25.19,123.73,124.18,0.06,8.21,-79.43,3.29,15.99,5.4,92.61,7.62,4.89,1.23,0.79,0.77,4.71,11.76,5.55,4.7
2020-07-12 13:12:32,41209,722,1,5.17,24.63,123.51,122.65,0.06,7.93,-62.48,2.5,16.84,5.68,84.05,6.99,4.35,1.09,0.5,0.48,5.18,11.72,5.55,5.17
2020-07-12 13:13:45,41210,722,1,5.7,24.21,124.27,122.4,0.06,7.77,-53.14,2.22,17.49,5.9,75.31,6.31,3.69,0.92,0.37,0.36,5.7,11.91,5.55,5.7
2020-07-12 13:14:58,41211,722,1,6.21,23.87,123.98,121.31,0.06,7.68,-47.42,1.94,18.03,6.08,69.02,5.82,4.42,1.11,0.33,0.31,6.21,11.93,5.55,6.21
2020-07-12 13:16:11,41212,722,1,6.72,23.44,124.21,120.51,0.06,7.58,-41.5,2.03,18.57,6.27,61.34,5.22,3.51,0.88,0.21,0.19,6.72,12.12,5.55,6.72
2020-07-12 13:17:23,41213,722,1,7.2,23.13,124.74,120.29,0.06,7.49,-36.25,1.96,19.21,6.48,52.92,4.53,3.92,0.98,0.21,0.19,7.21,11.94,5.55,7.2
2020-07-12 13:18:35,41214,722,1,7.66,23.04,124.94,120.26,0.06,7.48,-35.35,2.09,19.18,6.47,51.97,4.45,3.25,0.81,0.17,0.15,7.67,11.85,5.55,7.66
2020-07-12 13:19:48,41215,722,1,8.2,21.86,128.68,120.95,0.06,7.36,-27.93,2.38,22.32,7.53,28.84,2.53,2.01,0.5,0.08,0.06,8.2,11.79,5.55,8.2
2020-07-12 13:21:01,41216,722,1,8.66,21.32,130.86,121.67,0.06,7.32,-25.64,2.43,23.86,8.05,18.31,1.62,2.32,0.58,0.08,0.06,8.67,11.9,5.55,8.66
2020-07-12 14:01:35,41217,723,1,0.59,25.71,122.59,124.26,0.06,8.78,-113.55,4.35,15.16,5.12,106.5,8.68,4.4,1.1,1.1,1.08,0.58,11.92,5.55,0.59
2020-07-12 14:02:48,41218,723,1,1.2,25.69,122.72,124.34,0.06,8.76,-112.45,4.53,14.98,5.06,105.69,8.62,4.73,1.19,1.19,1.18,1.2,11.94,5.55,1.2
2020-07-12 14:04:01,41219,723,1,1.7,25.66,122.79,124.34,0.06,8.75,-111.75,4.49,15.18,5.12,105.51,8.61,4.03,1.01,1.27,1.26,1.7,11.95,5.55,1.7
2020-07-12 14:05:14,41220,723,1,2.21,25.64,122.58,124.07,0.06,8.73,-110.9,4.3,15.21,5.13,104.49,8.53,3.75,0.94,1.27,1.26,2.21,12.02,5.55,2.21
2020-07-12 14:06:26,41221,723,1,2.7,25.66,123.17,124.73,0.06,8.75,-111.76,4.24,15.19,5.13,105.46,8.61,7.98,2,1.23,1.22,2.69,12.1,5.56,2.7
2020-07-12 14:07:39,41222,723,1,3.2,25.63,122.77,124.24,0.06,8.72,-109.93,4.28,15.31,5.17,104.09,8.5,5.92,1.48,1.22,1.21,3.2,12.12,5.56,3.2
2020-07-12 14:08:52,41223,723,1,3.7,25.59,123.37,124.76,0.06,8.69,-108.37,4.41,15.35,5.18,103.73,8.48,5.39,1.35,1.27,1.26,3.7,12.12,5.55,3.7
2020-07-12 14:10:04,41224,723,1,4.17,25.52,123.2,124.42,0.06,8.63,-104.71,4.03,15.45,5.22,101.73,8.32,6.11,1.53,1.2,1.19,4.17,12.12,5.55,4.17
2020-07-12 14:11:17,41225,723,1,4.69,25.39,123.48,124.41,0.06,8.47,-94.87,3.73,15.54,5.25,98.6,8.09,5.07,1.27,1.06,1.05,4.69,12.12,5.55,4.69
2020-07-12 14:12:30,41226,723,1,5.17,25.12,123.65,123.93,0.06,8.18,-77.31,3.03,16.17,5.46,91.84,7.57,4.79,1.2,0.78,0.76,5.17,12.12,5.55,5.17
2020-07-12 14:13:43,41227,723,1,5.72,24.38,124.19,122.72,0.06,7.84,-57.07,2.25,17.29,5.84,78.46,6.56,3.74,0.94,0.38,0.36,5.71,12.12,5.55,5.72
2020-07-12 14:14:55,41228,723,1,6.2,23.73,123.85,120.84,0.06,7.68,-47.23,1.62,18.2,6.14,68.73,5.81,4.13,1.03,0.26,0.24,6.21,12.21,5.55,6.2
2020-07-12 14:16:08,41229,723,1,6.72,23.47,124.3,120.66,0.06,7.6,-42.49,1.43,18.55,6.26,62.68,5.33,3.43,0.86,0.2,0.18,6.72,12.23,5.55,6.72
2020-07-12 14:17:21,41230,723,1,7.23,23.36,124.4,120.51,0.06,7.55,-39.76,1.83,18.82,6.35,58.62,4.99,2.72,0.68,0.2,0.19,7.23,12.27,5.56,7.23
2020-07-12 14:18:34,41231,723,1,7.71,23.04,124.77,120.09,0.06,7.51,-37.07,1.81,19.35,6.53,54.1,4.64,2.92,0.73,0.17,0.15,7.71,12.34,5.55,7.71
2020-07-12 14:19:46,41232,723,1,8.19,21.93,128.23,120.72,0.06,7.37,-28.99,2.42,21.62,7.29,30.31,2.65,1.83,0.46,0.09,0.07,8.18,12.37,5.55,8.19
2020-07-12 14:20:59,41233,723,1,8.7,21.78,128.71,120.79,0.06,7.34,-26.82,2.36,22.43,7.57,25.67,2.25,1.74,0.44,0.07,0.05,8.7,12.37,5.55,8.7
2020-07-12 15:01:38,41234,724,1,0.53,25.74,122.91,124.66,0.06,8.77,-112.94,4.48,15.13,5.11,106.69,8.69,5.2,1.3,1.21,1.2,0.53,11.77,5.55,0.53
2020-07-12 15:02:52,41235,724,1,1.19,25.72,122.71,124.39,0.06,8.75,-112.12,4.04,15.07,5.09,105.79,8.63,5.33,1.34,1.26,1.25,1.19,12.04,5.55,1.19
2020-07-12 15:04:05,41236,724,1,1.71,25.7,122.8,124.45,0.06,8.73,-110.87,4.38,15.09,5.1,105.97,8.64,4.91,1.23,1.2,1.19,1.71,12.11,5.55,1.71
2020-07-12 15:05:17,41237,724,1,2.2,25.68,123.15,124.74,0.06,8.72,-109.91,4.17,15.03,5.07,105.1,8.58,4.97,1.25,1.19,1.18,2.21,11.82,5.55,2.2
2020-07-12 15:06:29,41238,724,1,2.7,25.63,123.38,124.87,0.06,8.69,-108.52,4.36,15.19,5.13,104.82,8.56,5.32,1.33,1.24,1.23,2.7,11.78,5.55,2.7
2020-07-12 15:07:42,41239,724,1,3.2,25.62,123.85,125.32,0.06,8.69,-108.5,4.29,15.23,5.14,104.2,8.51,5.62,1.41,1.14,1.13,3.2,11.78,5.55,3.2
2020-07-12 15:08:55,41240,724,1,3.71,25.64,123.06,124.57,0.06,8.69,-108.52,4.69,15.17,5.12,104.96,8.57,4.5,1.13,1.17,1.16,3.71,11.77,5.55,3.71
2020-07-12 15:10:08,41241,724,1,4.23,25.64,123.1,124.61,0.06,8.71,-109.37,4.22,15.21,5.13,104.44,8.53,5.13,1.28,1.19,1.18,4.22,11.77,5.55,4.23
2020-07-12 15:11:21,41242,724,1,4.7,25.52,123.55,124.78,0.06,8.61,-103.67,4.26,15.41,5.2,102.37,8.38,5.16,1.29,1.12,1.11,4.7,11.89,5.55,4.7
2020-07-12 15:12:34,41243,724,1,5.16,25.48,123.02,124.14,0.06,8.52,-98.17,4.48,15.63,5.28,100.07,8.2,5.22,1.31,1.11,1.1,5.17,11.95,5.55,5.16
2020-07-12 15:13:47,41244,724,1,5.75,24.41,123.98,122.6,0.06,7.91,-60.98,2.18,17.24,5.82,79.37,6.63,3.44,0.86,0.37,0.35,5.74,11.98,5.55,5.75
2020-07-12 15:14:59,41245,724,1,6.18,23.76,125.03,122.07,0.06,7.69,-48.29,1.8,18.36,6.2,67.11,5.67,3.71,0.93,0.28,0.26,6.19,12.06,5.55,6.18
2020-07-12 15:16:11,41246,724,1,6.68,23.61,124.29,120.98,0.06,7.62,-43.65,1.61,18.54,6.26,64.28,5.45,2.84,0.71,0.2,0.18,6.69,12.24,5.55,6.68
2020-07-12 15:17:24,41247,724,1,7.19,23.37,124.77,120.89,0.06,7.56,-40.48,1.97,18.9,6.38,58.96,5.02,3.52,0.88,0.23,0.21,7.19,11.83,5.55,7.19
2020-07-12 15:18:37,41248,724,1,7.67,22.62,125.54,119.85,0.06,7.45,-33.36,2.17,19.91,6.72,45.59,3.94,3.26,0.82,0.18,0.16,7.67,11.78,5.55,7.67
2020-07-12 15:19:50,41249,724,1,8.19,22.26,126.4,119.78,0.06,7.39,-30.08,2.75,20.76,7.01,37.74,3.28,2.31,0.58,0.12,0.1,8.19,11.95,5.55,8.19
2020-07-12 15:21:03,41250,724,1,8.69,21.91,128.04,120.48,0.06,7.35,-27.48,2.46,21.71,7.33,29.83,2.61,1.76,0.44,0.08,0.06,8.69,11.97,5.55,8.69
2020-07-12 16:01:35,41251,725,1,0.6,25.7,123.57,125.21,0.06,8.75,-111.74,4.12,15.24,5.15,106.13,8.66,5.11,1.28,1.25,1.24,0.6,11.93,5.55,0.6
2020-07-12 16:02:48,41252,725,1,1.2,25.7,123.64,125.29,0.06,8.75,-111.65,4.28,15.12,5.1,105.73,8.62,4.93,1.23,1.17,1.16,1.2,11.97,5.55,1.2
2020-07-12 16:04:01,41253,725,1,1.71,25.71,123.63,125.3,0.06,8.74,-111.31,4.47,15.09,5.09,106.19,8.66,4.8,1.2,1.23,1.22,1.71,12.11,5.55,1.71
2020-07-12 16:05:13,41254,725,1,2.2,25.69,123.38,125.01,0.06,8.73,-110.52,4.26,15.09,5.09,105.45,8.6,4.91,1.23,1.21,1.21,2.2,11.85,5.55,2.2
2020-07-12 16:06:26,41255,725,1,2.74,25.68,123.67,125.27,0.06,8.73,-110.41,4.28,15.23,5.14,105.45,8.6,5.21,1.3,1.23,1.22,2.73,11.8,5.55,2.74
2020-07-12 16:07:38,41256,725,1,3.18,25.68,123.51,125.13,0.06,8.73,-110.91,4.18,15.2,5.13,105.14,8.58,4.91,1.23,1.17,1.16,3.18,11.76,5.55,3.18
2020-07-12 16:08:51,41257,725,1,3.66,25.64,123.67,125.18,0.06,8.71,-109.27,4.38,15.18,5.12,104.86,8.56,3.56,0.89,1.18,1.17,3.66,11.82,5.55,3.66
2020-07-12 16:10:04,41258,725,1,4.19,25.65,123.63,125.16,0.06,8.7,-109.12,4.08,15.2,5.13,104.34,8.52,5.64,1.41,1.19,1.18,4.2,11.74,5.55,4.19
2020-07-12 16:11:17,41259,725,1,4.68,25.61,123.62,125.06,0.06,8.69,-107.99,3.89,15.22,5.14,104.29,8.52,5.44,1.36,1.26,1.25,4.68,11.81,5.55,4.68
2020-07-12 16:12:30,41260,725,1,5.17,25.54,123.65,124.92,0.06,8.62,-104.13,3.95,15.36,5.19,102.38,8.37,10.39,2.61,1.15,1.14,5.18,11.74,5.55,5.17
2020-07-12 16:13:43,41261,725,1,5.73,25.28,123.72,124.39,0.06,8.36,-88.29,3.41,15.95,5.38,94.88,7.8,5.75,1.44,0.95,0.94,5.72,11.77,5.55,5.73
2020-07-12 16:14:55,41262,725,1,6.2,24.38,123.97,122.5,0.06,7.84,-57.28,1.97,17.56,5.93,76.54,6.4,4.35,1.09,0.37,0.36,6.2,11.74,5.55,6.2
2020-07-12 16:16:08,41263,725,1,6.72,23.67,123.94,120.78,0.06,7.65,-45.35,1.93,18.15,6.12,63.86,5.41,3.51,0.88,0.24,0.22,6.72,11.8,5.55,6.72
2020-07-12 16:17:21,41264,725,1,7.21,23.47,124.29,120.65,0.06,7.58,-41.33,1.77,18.56,6.26,61.49,5.23,4.06,1.02,0.24,0.22,7.22,11.74,5.55,7.21
2020-07-12 16:18:33,41265,725,1,7.67,23.06,124.57,119.97,0.06,7.53,-38.42,1.84,19.2,6.48,55.19,4.73,3.01,0.75,0.19,0.17,7.67,11.8,5.55,7.67
2020-07-12 16:19:46,41266,725,1,8.2,22.38,126.1,119.79,0.06,7.41,-31.42,2.21,20.4,6.88,39.91,3.46,2.32,0.58,0.16,0.14,8.2,11.75,5.55,8.2
2020-07-12 16:20:59,41267,725,1,8.69,21.79,128.1,120.24,0.06,7.35,-27.38,2.15,22.33,7.53,27.51,2.42,1.82,0.45,0.07,0.05,8.69,11.78,5.55,8.69
2020-07-12 17:01:37,41268,726,1,0.48,25.71,123.04,124.71,0.06,8.74,-111.27,4.24,15.19,5.13,106.3,8.67,4.67,1.17,1.24,1.23,0.48,11.76,5.55,0.48
2020-07-12 17:02:51,41269,726,1,1.27,25.7,123.28,124.93,0.06,8.74,-111.13,4.29,15.14,5.11,105.72,8.62,6.34,1.59,1.18,1.17,1.27,11.73,5.55,1.27
2020-07-12 17:04:03,41270,726,1,1.71,25.71,123.27,124.94,0.06,8.74,-111.03,4.38,15.14,5.11,106.11,8.65,5.22,1.31,1.18,1.17,1.71,11.76,5.56,1.71
2020-07-12 17:05:15,41271,726,1,2.18,25.7,122.84,124.47,0.06,8.72,-110.12,4.25,15.09,5.09,105.36,8.59,5.17,1.3,1.22,1.21,2.18,11.78,5.55,2.18
2020-07-12 17:06:28,41272,726,1,2.71,25.69,123.09,124.72,0.06,8.72,-109.98,3.97,15.19,5.13,105.73,8.63,4.72,1.18,1.13,1.12,2.7,11.76,5.55,2.71
2020-07-12 17:07:41,41273,726,1,3.18,25.68,123.1,124.7,0.06,8.71,-109.67,4.04,15.25,5.15,104.91,8.56,5.25,1.32,1.18,1.17,3.18,11.92,5.55,3.18
2020-07-12 17:08:53,41274,726,1,3.67,25.67,123.08,124.64,0.06,8.71,-109.29,4.22,15.17,5.12,105.24,8.59,5.35,1.34,1.18,1.17,3.66,11.88,5.55,3.67
2020-07-12 17:10:06,41275,726,1,4.2,25.66,123.18,124.73,0.06,8.7,-108.93,4.16,15.22,5.14,104.61,8.54,5.51,1.38,1.22,1.21,4.2,11.76,5.55,4.2
2020-07-12 17:11:18,41276,726,1,4.66,25.63,123.13,124.61,0.06,8.69,-108.19,4.35,15.24,5.15,104.75,8.55,5.13,1.29,1.24,1.23,4.66,11.73,5.55,4.66
2020-07-12 17:12:31,41277,726,1,5.19,25.58,123.19,124.55,0.06,8.66,-106.48,4.18,15.32,5.17,103.6,8.47,9.04,2.27,1.19,1.18,5.19,11.89,5.55,5.19
2020-07-12 17:13:44,41278,726,1,5.69,25.47,123.31,124.43,0.06,8.54,-99.38,4.32,15.35,5.18,101.36,8.3,5.73,1.44,1.22,1.21,5.69,11.77,5.55,5.69
2020-07-12 17:14:57,41279,726,1,6.25,24.37,123.84,122.36,0.06,7.86,-58.15,1.94,17.52,5.91,76.66,6.41,4.02,1.01,0.34,0.32,6.25,11.91,5.56,6.25
2020-07-12 17:16:09,41280,726,1,6.71,23.62,124.08,120.81,0.06,7.65,-45.76,1.79,18.45,6.23,63.34,5.37,3.06,0.76,0.2,0.18,6.71,11.82,5.55,6.71
2020-07-12 17:17:22,41281,726,1,7.23,23.33,124.15,120.17,0.06,7.57,-40.68,1.72,18.66,6.3,59.17,5.04,3.39,0.85,0.24,0.22,7.22,11.76,5.55,7.23
2020-07-12 17:18:35,41282,726,1,7.7,22.9,124.49,119.49,0.06,7.5,-36.4,1.53,19.55,6.6,52.2,4.49,2.63,0.66,0.14,0.12,7.71,12.42,5.55,7.7
2020-07-12 17:19:48,41283,726,1,8.19,22.28,126.65,120.07,0.06,7.39,-30.01,2.49,20.64,6.96,36.3,3.16,2.25,0.56,0.11,0.09,8.19,11.76,5.55,8.19
2020-07-12 17:21:01,41284,726,1,8.69,21.79,128.3,120.45,0.06,7.35,-27.41,2.31,22.04,7.44,28.4,2.49,2.43,0.61,0.1,0.08,8.68,12.14,5.55,8.69
2020-07-12 18:01:35,41285,727,1,0.59,25.7,123.01,124.67,0.06,8.73,-110.86,3.98,15.24,5.15,106.22,8.66,4.63,1.16,1.09,1.08,0.59,12.2,5.55,0.59
2020-07-12 18:02:48,41286,727,1,1.22,25.7,123.01,124.65,0.06,8.73,-110.54,4.09,15.09,5.09,105.53,8.61,5.09,1.27,1.2,1.19,1.23,12.17,5.55,1.22
2020-07-12 18:04:00,41287,727,1,1.7,25.69,122.76,124.37,0.06,8.72,-110.36,4.31,15.17,5.12,105.82,8.63,4.78,1.2,1.19,1.18,1.7,12.27,5.55,1.7
2020-07-12 18:05:13,41288,727,1,2.22,25.67,122.74,124.32,0.06,8.71,-109.68,4.12,15.19,5.13,104.9,8.56,8.26,2.07,1.18,1.17,2.22,12.01,5.55,2.22
2020-07-12 18:06:25,41289,727,1,2.7,25.66,123.08,124.64,0.06,8.72,-109.9,4.27,15.2,5.13,105.29,8.59,4.09,1.02,1.18,1.17,2.7,11.89,5.55,2.7
2020-07-12 18:07:38,41290,727,1,3.2,25.66,123,124.56,0.06,8.71,-109.34,4.3,15.21,5.14,104.7,8.55,8.75,2.19,1.19,1.18,3.21,11.79,5.55,3.2
2020-07-12 18:08:51,41291,727,1,3.7,25.66,123.05,124.61,0.06,8.71,-109.37,4.38,15.18,5.12,105.19,8.59,5.5,1.38,1.14,1.13,3.7,11.72,5.55,3.7
2020-07-12 18:10:03,41292,727,1,4.17,25.66,123.2,124.75,0.06,8.71,-109.54,4.12,15.2,5.13,104.6,8.54,6.94,1.74,1.2,1.19,4.17,11.99,5.55,4.17
2020-07-12 18:11:16,41293,727,1,4.7,25.65,123.08,124.61,0.06,8.71,-109.61,4.44,15.22,5.14,104.92,8.56,7.71,1.93,1.22,1.21,4.69,12.12,5.55,4.7
2020-07-12 18:12:29,41294,727,1,5.16,25.66,123.32,124.86,0.06,8.7,-109.16,4.47,15.16,5.12,104.67,8.54,5.09,1.28,1.14,1.13,5.16,12.19,5.55,5.16
2020-07-12 18:13:42,41295,727,1,5.81,25.56,123.48,124.81,0.06,8.62,-104.15,4.13,15.36,5.18,103.07,8.43,6.04,1.51,1.14,1.13,5.81,12.21,5.55,5.81
2020-07-12 18:14:54,41296,727,1,6.24,24.57,124.31,123.29,0.06,7.93,-62.55,2.14,17.4,5.87,80.58,6.71,4.73,1.18,0.43,0.41,6.24,12.22,5.55,6.24
2020-07-12 18:16:06,41297,727,1,6.73,23.53,124.64,121.13,0.06,7.66,-45.99,1.57,18.41,6.21,62.89,5.34,2.89,0.72,0.22,0.2,6.73,12.22,5.55,6.73
2020-07-12 18:17:18,41298,727,1,7.22,23.24,124.45,120.27,0.06,7.58,-41.33,1.62,19.01,6.42,58.73,5.01,3.07,0.77,0.21,0.19,7.22,12.25,5.55,7.22
2020-07-12 18:18:31,41299,727,1,7.74,22.72,124.87,119.43,0.06,7.48,-35.32,1.57,19.72,6.65,49.12,4.23,2.59,0.65,0.1,0.08,7.73,12.12,5.55,7.74
2020-07-12 18:19:43,41300,727,1,8.22,21.88,129.07,121.38,0.06,7.36,-28.27,2.43,22.13,7.47,27.98,2.45,1.75,0.44,0.08,0.06,8.22,12.12,5.55,8.22
2020-07-12 18:20:55,41301,727,1,8.68,20.91,134.43,123.92,0.06,7.31,-24.97,2.51,25.73,8.68,10.82,0.97,1.67,0.42,0.11,0.09,8.67,12.25,5.55,8.68
2020-07-12 19:01:35,41302,728,1,0.57,25.67,122.25,123.81,0.06,8.75,-112.05,4.32,15.34,5.18,106.44,8.69,4.95,1.24,1.17,1.16,0.58,12.12,5.55,0.57
2020-07-12 19:02:48,41303,728,1,1.24,25.67,122.1,123.67,0.06,8.75,-111.8,4.19,15.13,5.11,106.05,8.65,4.87,1.22,1.15,1.14,1.24,12.12,5.55,1.24
2020-07-12 19:04:00,41304,728,1,1.73,25.68,122.17,123.74,0.06,8.75,-111.58,4.09,15.21,5.13,106.29,8.67,4.86,1.22,1.07,1.06,1.73,12.12,5.55,1.73
2020-07-12 19:05:12,41305,728,1,2.2,25.67,122.23,123.81,0.06,8.74,-111.19,4.18,15.17,5.12,105.54,8.61,5.66,1.42,1.13,1.12,2.2,12.12,5.55,2.2
2020-07-12 19:06:25,41306,728,1,2.74,25.67,122.02,123.59,0.06,8.75,-111.6,4.24,15.21,5.13,106.17,8.66,6.78,1.7,1.18,1.17,2.74,12.12,5.55,2.74
2020-07-12 19:07:37,41307,728,1,3.19,25.67,121.91,123.46,0.06,8.75,-111.86,3.75,15.14,5.11,105.46,8.61,5.33,1.34,1.09,1.08,3.19,12,5.55,3.19
2020-07-12 19:08:50,41308,728,1,3.73,25.66,122.28,123.82,0.06,8.75,-111.83,4.49,15.21,5.14,105.75,8.63,5.92,1.48,1.21,1.2,3.73,12.09,5.55,3.73
2020-07-12 19:10:02,41309,728,1,4.23,25.65,122.11,123.61,0.06,8.74,-111.45,4.04,15.2,5.13,105.12,8.58,6.96,1.74,1.29,1.29,4.23,12.09,5.55,4.23
2020-07-12 19:11:15,41310,728,1,4.72,25.65,121.99,123.5,0.06,8.74,-111.41,4.37,15.22,5.14,105.66,8.63,4.33,1.08,1.31,1.3,4.72,12.11,5.55,4.72
2020-07-12 19:12:27,41311,728,1,5.18,25.64,122.15,123.64,0.06,8.75,-111.63,4.35,15.16,5.12,105.2,8.59,8.3,2.08,1.28,1.27,5.18,11.94,5.55,5.18
2020-07-12 19:13:40,41312,728,1,5.72,25.63,122.25,123.71,0.06,8.74,-111,4.28,15.25,5.15,104.96,8.57,6.61,1.66,1.25,1.25,5.72,11.97,5.55,5.72
2020-07-12 19:14:53,41313,728,1,6.23,24.06,123.86,121.63,0.06,7.81,-55.39,2.43,17.97,6.07,66.28,5.57,3.7,0.93,0.34,0.32,6.23,11.98,5.55,6.23
2020-07-12 19:16:05,41314,728,1,6.72,23.34,123.91,119.99,0.06,7.65,-45.54,1.38,18.81,6.35,60.3,5.14,3.27,0.82,0.21,0.19,6.72,11.87,5.55,6.72
2020-07-12 19:17:18,41315,728,1,7.24,22.99,122.63,117.92,0.06,7.54,-39.26,1.33,19.49,6.58,53.12,4.56,2.88,0.72,0.14,0.12,7.24,11.91,5.55,7.24
2020-07-12 19:18:30,41316,728,1,7.71,22.15,125.72,118.89,0.06,7.42,-31.94,2.33,21.42,7.23,34.38,3,2.25,0.56,0.09,0.07,7.72,11.86,5.55,7.71
2020-07-12 19:19:42,41317,728,1,8.2,21.46,129.57,120.8,0.06,7.34,-27.01,2.4,23.59,7.96,19.89,1.76,1.84,0.46,0.11,0.09,8.2,11.81,5.55,8.2
2020-07-12 19:20:55,41318,728,1,8.69,20.81,134.01,123.29,0.06,7.3,-24.72,2.66,26.2,8.84,8.22,0.74,1.85,0.46,0.08,0.06,8.69,11.85,5.55,8.69
2020-07-12 20:01:38,41319,729,1,0.51,25.71,120.51,122.14,0.06,8.86,-118.38,4.68,15.27,5.16,108.25,8.83,10.51,2.64,1.36,1.36,0.51,11.62,5.55,0.51
2020-07-12 20:02:52,41320,729,1,1.21,25.7,120.55,122.16,0.06,8.86,-118.23,4.48,15.19,5.13,106.61,8.69,5.14,1.29,1.34,1.33,1.21,11.58,5.55,1.21
2020-07-12 20:04:04,41321,729,1,1.69,25.67,120.71,122.25,0.06,8.81,-115.55,4.46,15.27,5.16,106.86,8.72,6.4,1.61,1.21,1.2,1.69,11.62,5.55,1.69
2020-07-12 20:05:17,41322,729,1,2.21,25.66,120.73,122.26,0.06,8.8,-114.68,4.78,15.13,5.11,106.03,8.65,4.95,1.24,1.28,1.27,2.2,11.6,5.55,2.21
2020-07-12 20:06:30,41323,729,1,2.72,25.66,120.72,122.25,0.06,8.79,-114.52,4.41,15.24,5.14,106.61,8.7,9.6,2.41,1.35,1.34,2.72,11.56,5.55,2.72
2020-07-12 20:07:42,41324,729,1,3.2,25.66,120.72,122.24,0.06,8.8,-115.14,4.75,15.24,5.14,106.03,8.65,6.33,1.59,1.33,1.33,3.2,11.56,5.55,3.2
2020-07-12 20:08:55,41325,729,1,3.71,25.66,120.7,122.22,0.06,8.8,-115.1,4.65,15.23,5.14,106.24,8.67,6.81,1.71,1.37,1.36,3.71,11.56,5.55,3.71
2020-07-12 20:10:08,41326,729,1,4.22,25.65,120.7,122.19,0.06,8.79,-114.05,4.62,15.31,5.17,105.86,8.64,5.53,1.39,1.22,1.21,4.23,11.59,5.55,4.22
2020-07-12 20:11:21,41327,729,1,4.7,25.63,120.79,122.23,0.06,8.76,-112.43,4.37,15.29,5.16,105.11,8.58,4.78,1.2,1.19,1.18,4.7,11.58,5.55,4.7
2020-07-12 20:12:34,41328,729,1,5.17,25.6,120.84,122.22,0.06,8.73,-110.49,4.26,15.31,5.17,104.73,8.56,5.36,1.34,1.15,1.14,5.17,11.55,5.55,5.17
2020-07-12 20:13:47,41329,729,1,5.71,25.44,121.16,122.19,0.06,8.56,-100.2,3.67,15.42,5.21,99.26,8.13,7.63,1.91,1.2,1.19,5.71,11.56,5.55,5.71
2020-07-12 20:15:00,41330,729,1,6.21,23.91,122.77,120.21,0.06,7.82,-55.63,1.97,18.13,6.12,66.91,5.64,3.26,0.82,0.26,0.24,6.21,11.55,5.55,6.21
2020-07-12 20:16:13,41331,729,1,6.72,23.58,122.34,119.02,0.06,7.7,-48.4,1.56,18.46,6.23,63.99,5.43,3.72,0.93,0.23,0.21,6.72,11.5,5.55,6.72
2020-07-12 20:17:26,41332,729,1,7.22,23.16,122.72,118.4,0.06,7.61,-42.89,1.53,19.16,6.46,56.44,4.82,2.49,0.62,0.18,0.16,7.22,11.53,5.55,7.22
2020-07-12 20:18:39,41333,729,1,7.71,22.77,123.26,118.02,0.06,7.52,-37.9,2.07,19.82,6.69,48.32,4.16,2.44,0.61,0.18,0.16,7.71,11.51,5.55,7.71
2020-07-12 20:19:51,41334,729,1,8.18,21.81,127.01,119.27,0.06,7.38,-29.23,2.35,22.36,7.54,26.55,2.33,1.81,0.45,0.09,0.07,8.18,11.5,5.55,8.18
2020-07-12 20:21:04,41335,729,1,8.67,21.03,133.09,122.99,0.06,7.32,-25.75,2.54,25.86,8.72,9.85,0.88,1.92,0.48,0.11,0.09,8.67,11.53,5.55,8.67
2020-07-12 21:01:38,41336,730,1,0.52,25.71,120.59,122.23,0.06,8.87,-119.12,4.76,15.24,5.14,108.18,8.82,6.82,1.71,1.54,1.53,0.52,11.44,5.55,0.52
2020-07-12 21:02:52,41337,730,1,1.2,25.7,120.58,122.18,0.06,8.84,-117.18,4.66,15.23,5.14,106.4,8.68,3.84,0.96,1.41,1.41,1.2,11.47,5.55,1.2
2020-07-12 21:04:05,41338,730,1,1.69,25.67,120.71,122.24,0.06,8.8,-114.67,4.12,15.23,5.14,106.36,8.68,5.93,1.49,1.29,1.29,1.69,11.49,5.56,1.69
2020-07-12 21:05:18,41339,730,1,2.2,25.65,120.76,122.26,0.06,8.77,-113.04,4.21,15.27,5.15,105.22,8.59,5.98,1.5,1.19,1.18,2.2,11.48,5.56,2.2
2020-07-12 21:06:31,41340,730,1,2.71,25.64,120.79,122.26,0.06,8.75,-112.16,4.39,15.25,5.15,105.03,8.58,6.69,1.68,1.28,1.27,2.7,11.47,5.55,2.71
2020-07-12 21:07:44,41341,730,1,3.19,25.64,120.79,122.27,0.06,8.75,-111.65,4.32,15.35,5.18,104.65,8.55,4.87,1.22,1.19,1.18,3.19,11.49,5.55,3.19
2020-07-12 21:08:57,41342,730,1,3.7,25.62,120.78,122.22,0.06,8.74,-110.96,4.7,15.32,5.17,104.99,8.58,5.18,1.3,1.25,1.25,3.7,11.48,5.55,3.7
2020-07-12 21:10:09,41343,730,1,4.17,25.6,120.84,122.22,0.06,8.69,-108.42,4.72,15.26,5.15,103.64,8.47,4.11,1.03,1.32,1.31,4.17,11.48,5.55,4.17
2020-07-12 21:11:22,41344,730,1,4.67,25.58,120.9,122.23,0.06,8.67,-106.92,3.94,15.37,5.19,103.4,8.45,5.32,1.33,1.31,1.31,4.67,11.45,5.55,4.67
2020-07-12 21:12:35,41345,730,1,5.17,25.53,120.97,122.2,0.06,8.62,-103.92,4.3,15.39,5.2,101.41,8.3,5.73,1.44,1.18,1.17,5.17,11.45,5.56,5.17
2020-07-12 21:13:48,41346,730,1,5.69,25.19,121.48,121.93,0.06,8.31,-85.22,3.76,15.7,5.3,94.73,7.8,4.35,1.09,0.98,0.97,5.69,11.44,5.55,5.69
2020-07-12 21:15:01,41347,730,1,6.22,23.78,123.01,120.14,0.06,7.82,-55.48,1.5,18.23,6.15,69,5.83,2.91,0.73,0.2,0.18,6.22,11.43,5.55,6.22
2020-07-12 21:16:14,41348,730,1,6.71,23.59,122.83,119.53,0.06,7.69,-48.11,1.45,18.51,6.25,63.43,5.38,3.91,0.98,0.26,0.24,6.71,11.47,5.55,6.71
2020-07-12 21:17:27,41349,730,1,7.2,23.32,122.47,118.55,0.06,7.62,-43.68,1.51,18.86,6.37,59.58,5.08,2.66,0.66,0.21,0.19,7.2,11.48,5.55,7.2
2020-07-12 21:18:39,41350,730,1,7.66,22.78,123.31,118.07,0.06,7.51,-37.37,2.07,20.14,6.79,46.04,3.97,2.32,0.58,0.14,0.12,7.66,11.48,5.56,7.66
2020-07-12 21:19:52,41351,730,1,8.2,21.89,127.1,119.55,0.06,7.39,-30.18,2.42,22.34,7.54,27.22,2.38,1.88,0.47,0.1,0.08,8.2,11.48,5.55,8.2
2020-07-12 21:21:05,41352,730,1,8.66,21.22,132.68,123.1,0.06,7.33,-26.37,2.69,25.55,8.62,11.46,1.02,2.25,0.56,0.08,0.06,8.66,11.46,5.55,8.66
2020-07-12 22:01:38,41353,731,1,0.51,25.65,120.56,122.06,0.06,8.8,-115.09,4.43,15.31,5.17,106.45,8.69,5.85,1.47,1.3,1.29,0.51,11.43,5.55,0.51
2020-07-12 22:02:52,41354,731,1,1.2,25.64,120.61,122.09,0.06,8.8,-115.07,4.66,15.16,5.12,105.86,8.64,4.69,1.17,1.3,1.29,1.2,11.43,5.55,1.2
2020-07-12 22:04:05,41355,731,1,1.69,25.65,120.62,122.11,0.06,8.79,-114.53,4.5,15.22,5.14,106.3,8.68,5.92,1.48,1.45,1.44,1.69,11.47,5.55,1.69
2020-07-12 22:05:18,41356,731,1,2.19,25.64,120.62,122.09,0.06,8.8,-115.01,4.78,15.25,5.15,105.3,8.6,8.61,2.16,1.42,1.41,2.19,11.47,5.55,2.19
2020-07-12 22:06:31,41357,731,1,2.7,25.64,120.59,122.07,0.06,8.8,-114.93,4.6,15.25,5.15,106.19,8.67,7.62,1.91,1.48,1.48,2.7,11.46,5.55,2.7
2020-07-12 22:07:44,41358,731,1,3.19,25.64,120.64,122.11,0.06,8.79,-114.5,4.09,15.25,5.15,105.54,8.62,5.97,1.5,1.34,1.33,3.19,11.45,5.55,3.19
2020-07-12 22:08:57,41359,731,1,3.7,25.64,120.63,122.1,0.06,8.79,-114.51,4.58,15.26,5.15,105.94,8.65,5.12,1.28,1.23,1.22,3.7,11.47,5.55,3.7
2020-07-12 22:10:10,41360,731,1,4.17,25.62,120.67,122.11,0.06,8.77,-113.34,4.25,15.24,5.14,105.04,8.58,4.93,1.23,1.24,1.23,4.17,11.41,5.55,4.17
2020-07-12 22:11:23,41361,731,1,4.67,25.61,120.73,122.14,0.06,8.76,-112.26,4.25,15.27,5.16,104.64,8.55,6.07,1.52,1.32,1.32,4.67,11.43,5.55,4.67
2020-07-12 22:12:36,41362,731,1,5.17,25.49,120.92,122.06,0.06,8.64,-105.07,4.39,15.37,5.19,102.29,8.37,4.28,1.07,1.2,1.19,5.17,11.37,5.55,5.17
2020-07-12 22:13:49,41363,731,1,5.69,25.33,121.18,121.95,0.06,8.45,-93.96,4.23,15.57,5.25,98.77,8.11,9.66,2.42,1.11,1.1,5.69,11.42,5.55,5.69
2020-07-12 22:15:02,41364,731,1,6.22,24.27,122.72,121.02,0.06,7.85,-57.85,2.13,17.62,5.95,73.13,6.12,3.74,0.94,0.38,0.36,6.22,11.43,5.56,6.22
2020-07-12 22:16:15,41365,731,1,6.7,23.87,122.72,120.07,0.06,7.72,-49.62,1.69,18.25,6.16,67,5.65,3.15,0.79,0.27,0.25,6.7,11.45,5.55,6.7
2020-07-12 22:17:27,41366,731,1,7.17,23.35,122.53,118.67,0.06,7.6,-42.56,1.52,18.93,6.39,59.01,5.03,4.27,1.07,0.24,0.22,7.17,11.45,5.55,7.17
2020-07-12 22:18:40,41367,731,1,7.66,22.77,124.26,118.96,0.06,7.49,-35.77,2.34,20.16,6.8,44.05,3.79,3.46,0.87,0.2,0.18,7.66,11.4,5.55,7.66
2020-07-12 22:19:53,41368,731,1,8.2,21.88,128.48,120.82,0.06,7.37,-28.92,2.61,22.68,7.65,25.61,2.24,2.14,0.53,0.07,0.05,8.2,11.46,5.55,8.2
2020-07-12 22:21:06,41369,731,1,8.66,21.47,130,121.22,0.06,7.32,-25.9,2.26,24.22,8.17,17,1.5,2.31,0.58,0.1,0.08,8.66,11.45,5.55,8.66
2020-07-12 23:01:38,41370,732,1,0.51,25.6,120.58,121.96,0.06,8.75,-112.08,4.14,15.25,5.15,105.37,8.61,4.45,1.11,1.28,1.27,0.51,11.41,5.55,0.51
2020-07-12 23:02:52,41371,732,1,1.2,25.6,120.61,121.99,0.06,8.75,-111.61,4.14,15.49,5.23,104.57,8.54,6.26,1.57,1.34,1.33,1.2,11.42,5.55,1.2
2020-07-12 23:04:05,41372,732,1,1.69,25.59,120.61,121.96,0.06,8.74,-111.02,4.43,15.44,5.21,104.83,8.57,6.03,1.51,1.35,1.34,1.69,11.44,5.55,1.69
2020-07-12 23:05:18,41373,732,1,2.19,25.59,120.66,122.03,0.06,8.74,-111.45,4.81,15.3,5.16,104.42,8.53,7.22,1.81,1.37,1.36,2.19,11.42,5.55,2.19
2020-07-12 23:06:31,41374,732,1,2.7,25.59,120.65,122,0.06,8.74,-111.37,4.65,15.33,5.18,104.84,8.57,6.95,1.74,1.36,1.35,2.7,11.44,5.55,2.7
2020-07-12 23:07:44,41375,732,1,3.18,25.58,120.69,122.02,0.06,8.73,-110.69,4.31,15.41,5.2,104.04,8.5,5.5,1.38,1.38,1.38,3.19,11.44,5.55,3.18
2020-07-12 23:08:57,41376,732,1,3.66,25.58,120.69,122.02,0.06,8.73,-110.77,4.33,15.32,5.17,104.45,8.54,6.96,1.74,1.32,1.31,3.66,11.38,5.55,3.66
2020-07-12 23:10:10,41377,732,1,4.18,25.56,120.72,122.01,0.06,8.71,-109.26,4.53,15.35,5.18,103.54,8.47,5.19,1.3,1.36,1.35,4.18,11.42,5.55,4.18
2020-07-12 23:11:23,41378,732,1,4.66,25.54,120.77,122.02,0.06,8.7,-108.83,4.99,15.4,5.2,103.69,8.48,7.82,1.96,1.37,1.37,4.66,11.41,5.55,4.66
2020-07-12 23:12:36,41379,732,1,5.17,25.54,120.74,121.99,0.06,8.7,-108.55,3.98,15.46,5.22,103.36,8.45,5.17,1.3,1.32,1.31,5.17,11.39,5.55,5.17
2020-07-12 23:13:49,41380,732,1,5.69,25.46,120.9,121.97,0.06,8.62,-104.13,4.41,15.49,5.23,101.67,8.33,5.04,1.26,1.27,1.26,5.69,11.36,5.55,5.69
2020-07-12 23:15:02,41381,732,1,6.21,24.65,121.99,121.16,0.06,7.95,-63.53,2.12,17.1,5.77,78.01,6.49,4.46,1.12,0.5,0.48,6.21,11.4,5.55,6.21
2020-07-12 23:16:15,41382,732,1,6.7,23.76,123.1,120.18,0.06,7.7,-48.91,1.75,18.27,6.16,63.95,5.41,3.03,0.76,0.25,0.24,6.7,11.38,5.55,6.7
2020-07-12 23:17:27,41383,732,1,7.16,23.38,122.73,118.93,0.06,7.62,-43.8,1.74,18.83,6.35,59.65,5.08,3.12,0.78,0.22,0.2,7.16,11.42,5.55,7.16
2020-07-12 23:18:40,41384,732,1,7.66,22.62,124.82,119.15,0.06,7.46,-34.4,2.48,20.4,6.88,41.39,3.58,2.62,0.66,0.15,0.13,7.66,11.43,5.55,7.66
2020-07-12 23:19:53,41385,732,1,8.2,22.16,125.37,118.56,0.06,7.39,-29.93,2.3,21.49,7.25,32.42,2.83,2.07,0.52,0.09,0.07,8.2,11.43,5.55,8.2
2020-07-12 23:21:06,41386,732,1,8.66,21.77,127.62,119.75,0.06,7.34,-26.8,2.38,22.86,7.71,23.82,2.09,2,0.5,0.1,0.08,8.66,11.41,5.55,8.66
2020-07-13 0:01:38,41387,733,1,0.52,25.57,120.54,121.85,0.06,8.72,-110.01,4.18,15.34,5.18,104.39,8.54,5.57,1.39,1.37,1.36,0.52,11.39,5.55,0.52
2020-07-13 0:02:52,41388,733,1,1.18,25.56,120.57,121.86,0.06,8.72,-109.8,4.42,15.26,5.15,103.71,8.48,5.81,1.46,1.41,1.41,1.18,11.39,5.55,1.18
2020-07-13 0:04:05,41389,733,1,1.69,25.57,120.59,121.9,0.06,8.71,-109.59,4.95,15.4,5.2,104.17,8.52,10.32,2.59,1.49,1.49,1.69,11.41,5.55,1.69
2020-07-13 0:05:18,41390,733,1,2.19,25.56,120.62,121.91,0.06,8.72,-109.8,3.98,15.44,5.21,103.58,8.47,5.5,1.38,1.16,1.15,2.19,11.41,5.55,2.19
2020-07-13 0:06:31,41391,733,1,2.7,25.56,120.62,121.91,0.06,8.72,-109.75,4.59,15.5,5.23,103.94,8.5,10.24,2.57,1.48,1.47,2.7,11.4,5.55,2.7
2020-07-13 0:07:44,41392,733,1,3.18,25.55,120.66,121.94,0.06,8.71,-109.18,4.29,15.29,5.16,103.36,8.45,5.13,1.29,1.35,1.34,3.19,11.38,5.55,3.18
2020-07-13 0:08:57,41393,733,1,3.65,25.54,120.71,121.95,0.06,8.69,-108.1,4.36,15.33,5.18,103.27,8.45,6.38,1.6,1.31,1.3,3.65,11.42,5.55,3.65
2020-07-13 0:10:10,41394,733,1,4.18,25.54,120.7,121.95,0.06,8.68,-107.86,4.35,15.38,5.19,102.89,8.42,4.99,1.25,1.3,1.29,4.18,11.37,5.55,4.18
2020-07-13 0:11:23,41395,733,1,4.65,25.53,120.74,121.97,0.06,8.68,-107.55,4.52,15.29,5.16,102.98,8.43,8.33,2.09,1.52,1.51,4.65,11.38,5.55,4.65
2020-07-13 0:12:36,41396,733,1,5.17,25.51,120.76,121.94,0.06,8.66,-106.59,4.32,15.44,5.21,102.37,8.38,4.93,1.24,1.28,1.28,5.17,11.38,5.55,5.17
2020-07-13 0:13:49,41397,733,1,5.68,25.37,121.03,121.89,0.06,8.51,-97.45,3.67,15.65,5.28,99.52,8.17,6.24,1.56,1.25,1.24,5.68,11.37,5.55,5.68
2020-07-13 0:15:02,41398,733,1,6.22,24.66,121.7,120.92,0.06,7.97,-65.07,2.13,16.68,5.63,81.36,6.76,11.39,2.86,0.72,0.71,6.22,11.4,5.55,6.22
2020-07-13 0:16:15,41399,733,1,6.7,23.85,122.77,120.07,0.06,7.7,-48.93,1.59,18.34,6.19,65.02,5.49,3.17,0.79,0.27,0.25,6.7,11.41,5.55,6.7
2020-07-13 0:17:28,41400,733,1,7.15,23.36,122.77,118.94,0.06,7.61,-43.14,1.86,19.06,6.43,58.4,4.97,3.52,0.88,0.27,0.25,7.15,11.41,5.55,7.15
2020-07-13 0:18:41,41401,733,1,7.67,22.8,123.92,118.71,0.06,7.49,-35.78,2.3,19.72,6.65,45.65,3.93,2.64,0.66,0.16,0.14,7.67,11.35,5.55,7.67
2020-07-13 0:19:54,41402,733,1,8.17,22.48,124.82,118.81,0.06,7.42,-31.81,2.38,20.7,6.98,36.16,3.13,2.63,0.66,0.12,0.1,8.17,11.4,5.55,8.17
2020-07-13 0:21:07,41403,733,1,8.67,21.83,127.75,120.02,0.06,7.35,-27.41,2.74,22.89,7.72,24.38,2.14,2.67,0.67,0.12,0.1,8.67,11.39,5.55,8.67
2020-07-13 1:01:38,41404,734,1,0.51,25.53,120.57,121.79,0.06,8.69,-108.13,4.22,15.33,5.17,103.62,8.48,5.54,1.39,1.43,1.42,0.51,11.36,5.55,0.51
2020-07-13 1:02:52,41405,734,1,1.2,25.55,120.59,121.85,0.06,8.69,-108.04,4.37,15.32,5.17,103.16,8.44,6.05,1.52,1.44,1.43,1.2,11.4,5.55,1.2
2020-07-13 1:04:05,41406,734,1,1.68,25.55,120.63,121.89,0.06,8.69,-108.31,3.97,15.43,5.21,103.47,8.46,5.92,1.48,1.41,1.41,1.68,11.39,5.55,1.68
2020-07-13 1:05:18,41407,734,1,2.2,25.54,120.62,121.88,0.06,8.69,-108.22,4.82,15.27,5.16,102.79,8.41,5.75,1.44,1.4,1.39,2.2,11.37,5.55,2.2
2020-07-13 1:06:31,41408,734,1,2.69,25.53,120.65,121.88,0.06,8.69,-107.98,4.98,15.42,5.21,103.31,8.45,5.59,1.4,1.4,1.39,2.69,11.36,5.55,2.69
2020-07-13 1:07:44,41409,734,1,3.19,25.54,120.66,121.89,0.06,8.67,-107.31,3.91,15.37,5.19,102.73,8.4,4.68,1.17,1.35,1.35,3.19,11.36,5.55,3.19
2020-07-13 1:08:57,41410,734,1,3.69,25.54,120.68,121.92,0.06,8.68,-107.66,4.27,15.22,5.14,102.94,8.42,6.1,1.53,1.25,1.24,3.69,11.36,5.55,3.69
2020-07-13 1:10:10,41411,734,1,4.16,25.51,120.72,121.89,0.06,8.64,-105.47,4.76,15.48,5.23,102.01,8.35,4.89,1.22,1.25,1.24,4.16,11.38,5.55,4.16
2020-07-13 1:11:23,41412,734,1,4.67,25.43,120.86,121.86,0.06,8.57,-100.9,3.89,15.38,5.19,100.8,8.26,5.11,1.28,1.3,1.29,4.67,11.38,5.55,4.67
2020-07-13 1:12:36,41413,734,1,5.16,25.41,120.92,121.86,0.06,8.54,-98.99,4.09,15.6,5.27,99.17,8.13,5.57,1.39,1.26,1.25,5.16,11.37,5.55,5.16
2020-07-13 1:13:49,41414,734,1,5.71,24.82,121.56,121.14,0.06,8.09,-72.03,4.02,16.42,5.54,87.78,7.28,4.48,1.12,0.72,0.71,5.71,11.38,5.55,5.71
2020-07-13 1:15:02,41415,734,1,6.2,24.12,122.59,120.54,0.06,7.74,-51.11,2.18,17.78,6,68.72,5.77,4.32,1.08,0.35,0.33,6.2,11.33,5.56,6.2
2020-07-13 1:16:15,41416,734,1,6.71,23.49,123.16,119.61,0.06,7.63,-44.22,2.17,18.71,6.31,59.67,5.07,2.94,0.74,0.36,0.34,6.71,11.36,5.55,6.71
2020-07-13 1:17:28,41417,734,1,7.18,22.99,123.63,118.89,0.06,7.52,-38.07,2.12,19.46,6.57,49.53,4.25,2.45,0.61,0.17,0.15,7.18,11.35,5.55,7.18
2020-07-13 1:18:41,41418,734,1,7.65,22.84,123.96,118.86,0.06,7.46,-34.53,2.24,19.85,6.7,44.03,3.79,2.07,0.52,0.12,0.1,7.65,11.35,5.55,7.65
2020-07-13 1:19:54,41419,734,1,8.18,22.47,124.09,118.11,0.06,7.42,-31.81,2.76,20.69,6.98,38.89,3.37,3.18,0.79,0.13,0.11,8.18,11.36,5.55,8.18
2020-07-13 1:21:07,41420,734,1,8.66,22.02,127.22,119.98,0.06,7.35,-27.47,2.85,22.48,7.58,26.8,2.34,2.79,0.7,0.14,0.12,8.66,11.33,5.55,8.66
2020-07-13 2:01:38,41421,735,1,0.51,25.46,121.63,122.71,0.06,8.63,-104.54,4.42,15.5,5.23,102.65,8.41,4.21,1.05,1.28,1.27,0.51,11.35,5.55,0.51
2020-07-13 2:02:52,41422,735,1,1.19,25.48,121.69,122.79,0.06,8.63,-104.56,4.19,15.4,5.2,102.16,8.37,5.25,1.32,1.41,1.4,1.19,11.36,5.55,1.19
2020-07-13 2:04:05,41423,735,1,1.67,25.48,121.69,122.81,0.06,8.63,-104.61,4.96,15.33,5.18,102.5,8.39,5.16,1.29,1.38,1.37,1.67,11.35,5.55,1.67
2020-07-13 2:05:18,41424,735,1,2.19,25.49,120.58,121.7,0.06,8.63,-104.74,4.21,15.41,5.2,102,8.35,4.84,1.21,1.29,1.28,2.19,11.35,5.55,2.19
2020-07-13 2:06:31,41425,735,1,2.69,25.49,120.6,121.73,0.06,8.63,-104.82,4.21,15.36,5.18,102.41,8.38,5.67,1.42,1.32,1.31,2.69,11.35,5.55,2.69
2020-07-13 2:07:44,41426,735,1,3.18,25.49,120.58,121.72,0.06,8.63,-104.76,4.49,15.48,5.23,101.81,8.34,6.2,1.55,1.19,1.18,3.18,11.34,5.55,3.18
2020-07-13 2:08:57,41427,735,1,3.65,25.49,120.64,121.77,0.06,8.63,-104.9,4.11,15.29,5.16,102.29,8.37,5.1,1.28,1.4,1.39,3.65,11.35,5.56,3.65
2020-07-13 2:10:10,41428,735,1,4.17,25.49,120.59,121.73,0.06,8.63,-104.78,4.19,15.47,5.22,101.79,8.33,5.82,1.46,1.4,1.39,4.17,11.35,5.55,4.17
2020-07-13 2:11:23,41429,735,1,4.65,25.47,120.63,121.72,0.06,8.61,-103.65,4.12,15.45,5.22,101.67,8.33,5.55,1.39,1.35,1.34,4.65,11.36,5.56,4.65
2020-07-13 2:12:36,41430,735,1,5.17,25.33,120.93,121.7,0.06,8.49,-96.27,4,15.57,5.26,98.4,8.08,5.03,1.26,1.29,1.28,5.17,11.35,5.55,5.17
2020-07-13 2:13:49,41431,735,1,5.67,24.84,121.77,121.39,0.06,8.02,-67.93,2.31,16.7,5.64,85.39,7.07,3.65,0.91,0.64,0.63,5.67,11.35,5.55,5.67
2020-07-13 2:15:02,41432,735,1,6.22,23.72,123.25,120.25,0.06,7.68,-47.48,2.06,18.37,6.2,64.03,5.42,3.3,0.83,0.27,0.26,6.22,11.35,5.55,6.22
2020-07-13 2:16:15,41433,735,1,6.69,23.27,123.11,119.05,0.06,7.57,-40.79,1.7,19.22,6.49,54.98,4.69,2.59,0.65,0.24,0.22,6.69,11.35,5.55,6.69
2020-07-13 2:17:28,41434,735,1,7.16,23.08,123.08,118.57,0.06,7.52,-38.1,2.08,19.34,6.52,50.76,4.35,2.49,0.62,0.16,0.14,7.16,11.33,5.55,7.16
2020-07-13 2:18:41,41435,735,1,7.66,22.86,124.18,119.11,0.06,7.45,-33.73,2.67,20.04,6.76,41.32,3.55,2.82,0.71,0.17,0.15,7.66,11.31,5.55,7.66
2020-07-13 2:19:54,41436,735,1,8.17,22.39,125.42,119.18,0.06,7.38,-29.63,2.6,21.3,7.19,33.48,2.9,3.06,0.77,0.18,0.16,8.17,11.34,5.55,8.17
2020-07-13 2:21:07,41437,735,1,8.67,22.09,127.53,120.44,0.06,7.35,-27.45,2.96,22.73,7.67,25.99,2.27,2.86,0.71,0.16,0.14,8.67,11.35,5.55,8.67
2020-07-13 3:01:38,41438,736,1,0.52,25.45,120.6,121.64,0.06,8.6,-102.89,3.97,15.52,5.24,101.61,8.32,5.34,1.34,1.36,1.35,0.52,11.3,5.55,0.52
2020-07-13 3:02:52,41439,736,1,1.18,25.45,120.62,121.67,0.06,8.6,-102.64,3.72,15.34,5.18,101.16,8.29,4.15,1.04,1.31,1.3,1.18,11.33,5.55,1.18
2020-07-13 3:04:05,41440,736,1,1.68,25.45,120.66,121.7,0.06,8.6,-102.6,3.65,15.5,5.23,101.45,8.31,6.12,1.53,1.44,1.43,1.68,11.33,5.55,1.68
2020-07-13 3:05:18,41441,736,1,2.18,25.45,120.66,121.7,0.06,8.6,-102.51,4.07,15.37,5.19,100.9,8.27,5.48,1.37,1.45,1.44,2.18,11.33,5.55,2.18
2020-07-13 3:06:31,41442,736,1,2.69,25.45,120.68,121.71,0.06,8.59,-102.21,4.33,15.47,5.22,101.18,8.29,5.49,1.38,1.47,1.46,2.69,11.31,5.55,2.69
2020-07-13 3:07:44,41443,736,1,3.19,25.44,120.69,121.71,0.06,8.59,-102.17,3.8,15.43,5.21,100.67,8.25,3.53,0.88,1.46,1.46,3.19,11.31,5.55,3.19
2020-07-13 3:08:57,41444,736,1,3.68,25.44,120.71,121.73,0.06,8.58,-101.75,4.47,15.46,5.22,101.11,8.29,5.22,1.31,1.44,1.44,3.68,11.27,5.55,3.68
2020-07-13 3:10:10,41445,736,1,4.16,25.43,120.73,121.72,0.06,8.58,-101.64,3.89,15.47,5.22,100.52,8.24,5.72,1.43,1.38,1.37,4.16,11.29,5.55,4.16
2020-07-13 3:11:23,41446,736,1,4.65,25.37,120.86,121.72,0.06,8.49,-96.47,3.94,15.52,5.24,99.16,8.14,5.1,1.28,1.25,1.25,4.65,11.33,5.55,4.65
2020-07-13 3:12:36,41447,736,1,5.17,25.22,121.21,121.73,0.06,8.35,-87.87,3.9,15.8,5.33,95.13,7.83,6.83,1.71,1.33,1.32,5.17,11.32,5.55,5.17
2020-07-13 3:13:49,41448,736,1,5.69,24.28,122.7,121,0.06,7.86,-58.01,2.63,17.32,5.85,78.84,6.6,4.88,1.22,0.56,0.55,5.69,11.32,5.55,5.69
2020-07-13 3:15:02,41449,736,1,6.2,23.76,122.58,119.68,0.06,7.67,-47.03,1.66,18.52,6.25,64.08,5.42,4.3,1.08,0.38,0.36,6.2,11.31,5.55,6.2
2020-07-13 3:16:15,41450,736,1,6.7,23.47,122.88,119.29,0.06,7.59,-42.12,2.03,18.85,6.36,57.93,4.92,2.96,0.74,0.27,0.25,6.7,11.31,5.55,6.7
2020-07-13 3:17:28,41451,736,1,7.16,23.2,122.91,118.68,0.06,7.54,-38.96,1.78,19.13,6.46,53.5,4.57,2.46,0.61,0.18,0.16,7.16,11.31,5.55,7.16
2020-07-13 3:18:41,41452,736,1,7.66,22.96,123.5,118.69,0.06,7.49,-36.08,2.35,19.75,6.66,46.04,3.95,3.27,0.82,0.19,0.17,7.66,11.28,5.55,7.66
2020-07-13 3:19:54,41453,736,1,8.17,22.45,125.5,119.39,0.06,7.42,-31.81,2.77,21.36,7.21,34.57,3,3.08,0.77,0.15,0.13,8.17,11.31,5.55,8.17
2020-07-13 3:21:07,41454,736,1,8.67,21.98,128.82,121.39,0.06,7.36,-28.28,3.2,23.36,7.88,24.55,2.15,2.33,0.58,0.12,0.1,8.67,11.3,5.55,8.67
2020-07-13 4:01:38,41455,737,1,0.54,25.39,120.67,121.56,0.06,8.53,-98.67,4.41,15.54,5.25,100.11,8.21,5.12,1.28,1.37,1.36,0.54,11.31,5.56,0.54
2020-07-13 4:02:52,41456,737,1,1.16,25.38,120.7,121.58,0.06,8.53,-98.56,4.7,15.46,5.22,100.02,8.21,4.97,1.25,1.34,1.33,1.17,11.3,5.56,1.16
2020-07-13 4:04:05,41457,737,1,1.69,25.37,120.71,121.57,0.06,8.53,-98.61,4.77,15.54,5.24,99.92,8.2,5.17,1.3,1.49,1.48,1.69,11.3,5.55,1.69
2020-07-13 4:05:18,41458,737,1,2.18,25.38,120.68,121.57,0.06,8.53,-98.72,4.44,15.49,5.23,99.77,8.18,4.54,1.14,1.34,1.33,2.18,11.29,5.55,2.18
2020-07-13 4:06:31,41459,737,1,2.69,25.38,120.71,121.58,0.06,8.53,-98.42,4.55,15.51,5.23,100.03,8.21,3.81,0.95,1.33,1.32,2.69,11.28,5.55,2.69
2020-07-13 4:07:44,41460,737,1,3.18,25.37,120.79,121.64,0.06,8.48,-95.45,4.47,15.6,5.27,98.7,8.1,4.58,1.15,1.25,1.24,3.19,11.24,5.55,3.18
2020-07-13 4:08:57,41461,737,1,3.63,25.35,120.83,121.65,0.06,8.46,-94.13,4.15,15.47,5.22,98.66,8.1,5.06,1.27,1.36,1.35,3.63,11.29,5.55,3.63
2020-07-13 4:10:10,41462,737,1,4.18,25.32,120.92,121.65,0.06,8.42,-92.06,4.12,15.76,5.32,97.45,8,4.79,1.2,1.29,1.28,4.18,11.27,5.55,4.18
2020-07-13 4:11:23,41463,737,1,4.64,25.27,120.99,121.62,0.06,8.37,-89.26,3.66,15.74,5.31,96.79,7.96,4.81,1.2,1.14,1.13,4.64,11.27,5.56,4.64
2020-07-13 4:12:36,41464,737,1,5.17,25.24,121.05,121.6,0.06,8.32,-86.12,4.42,15.7,5.3,95.01,7.81,5.38,1.35,1.27,1.26,5.17,11.25,5.55,5.17
2020-07-13 4:13:49,41465,737,1,5.69,24.73,121.75,121.13,0.06,7.97,-65.09,3.09,16.52,5.58,83.95,6.97,5.02,1.26,0.82,0.8,5.69,11.29,5.56,5.69
2020-07-13 4:15:02,41466,737,1,6.18,24.17,122.4,120.46,0.06,7.76,-52.22,2.28,17.63,5.95,71.85,6.03,4.02,1.01,0.45,0.43,6.18,11.29,5.55,6.18
2020-07-13 4:16:15,41467,737,1,6.65,23.53,122.71,119.25,0.06,7.62,-43.64,1.77,18.74,6.32,59.94,5.09,3.56,0.89,0.25,0.23,6.65,11.27,5.55,6.65
2020-07-13 4:17:28,41468,737,1,7.17,23.05,123.58,118.97,0.06,7.5,-36.88,2.31,19.6,6.61,47.32,4.05,2.94,0.74,0.18,0.16,7.17,11.26,5.55,7.17
2020-07-13 4:18:41,41469,737,1,7.66,22.65,124.86,119.26,0.06,7.45,-33.51,2.71,20.59,6.95,38.41,3.32,3.22,0.81,0.17,0.15,7.66,11.22,5.55,7.66
2020-07-13 4:19:54,41470,737,1,8.17,22.43,126.14,119.96,0.06,7.43,-32.43,3.08,21.48,7.25,32.48,2.82,2.83,0.71,0.15,0.13,8.17,11.24,5.55,8.17
2020-07-13 4:21:07,41471,737,1,8.66,22.06,127.78,120.61,0.06,7.37,-28.89,2.76,22.44,7.57,26.41,2.31,2.16,0.54,0.11,0.09,8.66,11.27,5.55,8.66
2020-07-13 5:01:38,41472,738,1,0.55,25.33,120.64,121.4,0.06,8.48,-95.75,4.32,15.63,5.28,98.86,8.12,6.21,1.56,1.42,1.41,0.55,11.27,5.55,0.55
2020-07-13 5:02:52,41473,738,1,1.17,25.33,120.73,121.5,0.06,8.49,-95.98,3.73,15.51,5.23,98.95,8.12,4.73,1.18,1.42,1.42,1.17,11.25,5.55,1.17
2020-07-13 5:04:05,41474,738,1,1.69,25.33,121.31,122.08,0.06,8.49,-96.2,3.87,15.61,5.27,98.87,8.12,5.49,1.37,1.35,1.34,1.69,11.25,5.56,1.69
2020-07-13 5:05:18,41475,738,1,2.17,25.32,121.77,122.51,0.06,8.49,-96.14,4.54,15.67,5.29,98.42,8.08,4.7,1.18,1.33,1.32,2.17,11.24,5.55,2.17
2020-07-13 5:06:31,41476,738,1,2.66,25.32,120.92,121.67,0.06,8.49,-96.17,5.1,15.66,5.29,98.85,8.12,4.68,1.17,1.38,1.37,2.66,11.23,5.55,2.66
2020-07-13 5:07:44,41477,738,1,3.13,25.33,120.56,121.32,0.06,8.49,-96.16,4.54,15.63,5.28,98.6,8.1,3.71,0.93,1.42,1.42,3.13,11.23,5.55,3.13
2020-07-13 5:08:57,41478,738,1,3.66,25.32,122.73,123.49,0.06,8.48,-95.53,5.55,15.65,5.28,98.79,8.11,5.12,1.28,1.35,1.34,3.66,11.25,5.55,3.66
2020-07-13 5:10:10,41479,738,1,4.16,25.26,122.96,123.58,0.06,8.38,-89.32,4.23,15.76,5.32,95.47,7.85,5.88,1.47,1.19,1.18,4.16,11.25,5.55,4.16
2020-07-13 5:11:23,41480,738,1,4.65,25.23,123.7,124.25,0.06,8.31,-85.42,3.53,15.71,5.3,95.14,7.83,5.13,1.29,1.28,1.28,4.65,11.25,5.55,4.65
2020-07-13 5:12:36,41481,738,1,5.16,25.18,123.69,124.12,0.06,8.26,-82.61,4.34,15.64,5.28,93.46,7.7,4.79,1.2,1.15,1.14,5.16,11.25,5.55,5.16
2020-07-13 5:13:49,41482,738,1,5.68,24.92,123.88,123.7,0.06,8.11,-73.23,3.01,16.4,5.54,88.34,7.31,5,1.25,0.94,0.93,5.68,11.21,5.55,5.68
2020-07-13 5:15:02,41483,738,1,6.18,24.06,124.65,122.42,0.06,7.73,-50.27,2.23,18.04,6.09,69.21,5.82,3.79,0.95,0.34,0.32,6.18,11.23,5.55,6.18
2020-07-13 5:16:15,41484,738,1,6.65,23.56,125.31,121.86,0.06,7.63,-44.31,1.66,18.58,6.27,61.63,5.23,2.65,0.66,0.22,0.2,6.65,11.19,5.55,6.65
2020-07-13 5:17:28,41485,738,1,7.16,23.09,125.94,121.36,0.06,7.52,-37.9,2.49,19.57,6.6,48.11,4.12,2.73,0.68,0.18,0.17,7.16,11.21,5.55,7.16
2020-07-13 5:18:41,41486,738,1,7.66,22.81,125.13,119.89,0.06,7.46,-34.44,2.38,20.22,6.82,41.82,3.6,3.65,0.91,0.2,0.18,7.66,11.21,5.55,7.66
2020-07-13 5:19:54,41487,738,1,8.17,22.57,125.48,119.66,0.06,7.43,-32.7,2.74,20.94,7.06,36.23,3.13,3.03,0.76,0.16,0.14,8.17,11.24,5.55,8.17
2020-07-13 5:21:07,41488,738,1,8.67,22.3,126.57,120.05,0.06,7.4,-30.39,2.93,21.52,7.26,31.28,2.72,2.32,0.58,0.14,0.12,8.67,11.24,5.55,8.67
2020-07-13 6:01:38,41489,739,1,0.49,25.28,121.76,122.42,0.06,8.48,-95.29,4.15,15.55,5.25,98.5,8.1,4.29,1.08,1.2,1.19,0.49,11.23,5.55,0.49
2020-07-13 6:02:52,41490,739,1,1.21,25.3,121.93,122.63,0.06,8.48,-95.54,4.83,15.49,5.23,98.16,8.07,5.34,1.34,1.18,1.17,1.21,11.24,5.56,1.21
2020-07-13 6:04:05,41491,739,1,1.67,25.29,121.47,122.14,0.06,8.48,-95.46,5,15.58,5.26,98.57,8.1,4.68,1.17,1.31,1.3,1.67,11.24,5.55,1.67
2020-07-13 6:05:18,41492,739,1,2.17,25.29,121.49,122.16,0.06,8.48,-95.29,4.31,15.4,5.2,97.68,8.03,5.35,1.34,1.38,1.37,2.17,11.21,5.55,2.17
2020-07-13 6:06:31,41493,739,1,2.67,25.29,122.13,122.8,0.06,8.47,-94.94,3.96,15.4,5.2,98.1,8.06,4.47,1.12,1.31,1.3,2.67,11.21,5.55,2.67
2020-07-13 6:07:44,41494,739,1,3.12,25.29,121.8,122.46,0.06,8.47,-94.79,3.94,15.43,5.21,97.71,8.03,4.55,1.14,1.3,1.29,3.12,11.21,5.55,3.12
2020-07-13 6:08:57,41495,739,1,3.66,25.26,123.32,123.93,0.06,8.41,-91.4,3.98,15.59,5.26,96.93,7.97,6.51,1.63,1.36,1.35,3.66,11.21,5.56,3.66
2020-07-13 6:10:10,41496,739,1,4.16,25.23,123.4,123.95,0.06,8.38,-89.59,4.23,15.75,5.32,96.27,7.92,3.47,0.87,1.41,1.4,4.16,11.25,5.55,4.16
2020-07-13 6:11:23,41497,739,1,4.65,25.19,124.91,125.35,0.06,8.33,-86.37,4.63,15.72,5.31,95.31,7.85,6.17,1.55,1.33,1.33,4.65,11.2,5.56,4.65
2020-07-13 6:12:36,41498,739,1,5.16,25.15,124.68,125.04,0.06,8.29,-84.32,4.18,15.69,5.3,94.06,7.75,4.97,1.25,1.31,1.31,5.16,11.24,5.55,5.16
2020-07-13 6:13:49,41499,739,1,5.67,25.06,124.85,124.99,0.06,8.13,-74.33,3.91,15.95,5.38,89.64,7.4,4.87,1.22,1.05,1.04,5.67,11.24,5.55,5.67
2020-07-13 6:15:02,41500,739,1,6.18,24.04,126.31,124,0.06,7.75,-51.36,2.34,17.73,5.99,69.97,5.88,3.29,0.82,0.4,0.38,6.18,11.23,5.55,6.18
2020-07-13 6:16:15,41501,739,1,6.65,23.59,126.03,122.64,0.06,7.62,-43.76,1.96,18.49,6.24,60.13,5.1,3.4,0.85,0.24,0.22,6.65,11.25,5.55,6.65
2020-07-13 6:17:28,41502,739,1,7.16,23.02,126.86,122.05,0.06,7.5,-36.47,2.32,19.79,6.68,46.45,3.98,2.75,0.69,0.16,0.14,7.16,11.18,5.55,7.16
2020-07-13 6:18:41,41503,739,1,7.66,22.93,127.12,122.09,0.06,7.48,-35.42,2.56,19.83,6.69,43.86,3.77,2.84,0.71,0.14,0.12,7.66,11.23,5.55,7.66
2020-07-13 6:19:54,41504,739,1,8.17,22.61,128.3,122.45,0.06,7.45,-33.39,2.6,20.84,7.03,36.84,3.18,2.33,0.58,0.11,0.09,8.17,11.25,5.55,8.17
2020-07-13 6:21:07,41505,739,1,8.66,22.39,129.23,122.78,0.06,7.4,-30.4,2.89,21.47,7.24,31.1,2.7,2.28,0.57,0.14,0.12,8.66,11.25,5.55,8.66
2020-07-13 7:01:38,41506,740,1,0.5,25.27,122.03,122.66,0.06,8.49,-96.18,4.3,15.54,5.24,98.88,8.13,5.12,1.28,1.22,1.21,0.5,11.43,5.55,0.5
2020-07-13 7:02:52,41507,740,1,1.2,25.27,122.43,123.06,0.06,8.49,-96.27,3.62,15.58,5.26,98.96,8.13,4.21,1.05,1.1,1.09,1.2,11.44,5.55,1.2
2020-07-13 7:04:05,41508,740,1,1.67,25.27,122.75,123.38,0.06,8.48,-95.65,4.14,15.43,5.21,98.47,8.1,4.92,1.23,1.25,1.24,1.67,11.47,5.55,1.67
2020-07-13 7:05:18,41509,740,1,2.19,25.27,121.74,122.36,0.06,8.48,-95.77,4.48,15.4,5.2,98.82,8.12,5.52,1.38,1.29,1.28,2.19,11.48,5.55,2.19
2020-07-13 7:06:31,41510,740,1,2.69,25.27,123.34,123.97,0.06,8.49,-95.86,4.28,15.59,5.26,98.72,8.12,6.36,1.59,1.45,1.44,2.69,11.48,5.55,2.69
2020-07-13 7:07:44,41511,740,1,3.19,25.26,122.32,122.94,0.06,8.48,-95.26,4.47,15.64,5.28,98.4,8.09,4.35,1.09,1.28,1.27,3.19,11.51,5.55,3.19
2020-07-13 7:08:57,41512,740,1,3.69,25.21,122.54,123.02,0.06,8.33,-86.38,3.53,15.79,5.33,95.16,7.83,4.89,1.23,1.13,1.12,3.69,11.56,5.55,3.69
2020-07-13 7:10:10,41513,740,1,4.16,25.18,123.06,123.49,0.06,8.27,-83.1,4.4,15.62,5.27,93.74,7.72,6.23,1.56,1.25,1.25,4.16,11.59,5.55,4.16
2020-07-13 7:11:23,41514,740,1,4.67,25.16,122.74,123.1,0.06,8.23,-80.62,4.34,15.91,5.37,93,7.66,4.89,1.23,1.05,1.04,4.67,11.62,5.55,4.67
2020-07-13 7:12:36,41515,740,1,5.16,25.13,124.16,124.47,0.06,8.21,-79.37,4.04,15.85,5.35,92.12,7.59,5.07,1.27,1.02,1.01,5.17,11.72,5.55,5.16
2020-07-13 7:13:49,41516,740,1,5.71,25.03,124.56,124.62,0.06,8.19,-77.9,4.08,15.94,5.38,91.51,7.56,5.19,1.3,1.2,1.19,5.71,11.74,5.55,5.71
2020-07-13 7:15:02,41517,740,1,6.19,23.85,125.58,122.82,0.06,7.7,-48.89,1.5,18.15,6.13,66.59,5.62,2.73,0.68,0.24,0.22,6.19,11.78,5.55,6.19
2020-07-13 7:16:15,41518,740,1,6.72,23.68,125.53,122.37,0.06,7.64,-45.03,1.84,18.45,6.23,61.7,5.22,3.49,0.87,0.19,0.18,6.72,11.76,5.55,6.72
2020-07-13 7:17:28,41519,740,1,7.19,23.2,125.83,121.51,0.06,7.53,-38.54,2.16,19.36,6.53,50.27,4.3,3.13,0.78,0.17,0.15,7.19,11.76,5.55,7.19
2020-07-13 7:18:41,41520,740,1,7.66,23.11,126.03,121.47,0.06,7.5,-36.6,4.02,19.77,6.67,47.44,4.06,1.93,0.48,0.16,0.14,7.66,11.74,5.55,7.66
2020-07-13 7:19:54,41521,740,1,8.18,22.63,127.66,121.89,0.06,7.43,-32.41,2.77,20.63,6.96,37.16,3.21,2.33,0.58,0.11,0.09,8.18,11.76,5.55,8.18
2020-07-13 7:21:07,41522,740,1,8.67,21.45,134.04,124.94,0.06,7.33,-26.32,3.44,26.17,8.83,11.83,1.05,2.96,0.74,0.13,0.11,8.68,11.74,5.55,8.67
2020-07-13 8:01:38,41523,741,1,0.5,25.27,122.24,122.88,0.06,8.57,-100.71,4.39,15.51,5.23,100,8.22,4.44,1.11,1.43,1.42,0.5,11.75,5.55,0.5
2020-07-13 8:02:52,41524,741,1,1.21,25.28,123.04,123.69,0.06,8.55,-99.53,5.37,15.51,5.23,100.2,8.24,5.41,1.36,1.26,1.25,1.21,11.72,5.55,1.21
2020-07-13 8:04:04,41525,741,1,1.68,25.27,122.21,122.84,0.06,8.52,-97.76,4.29,15.47,5.22,99.42,8.17,5.22,1.31,1.31,1.3,1.68,11.72,5.55,1.68
2020-07-13 8:05:17,41526,741,1,2.18,25.26,123.44,124.05,0.06,8.47,-95.21,4.55,15.7,5.3,98.03,8.06,5.65,1.42,1.16,1.15,2.18,11.7,5.55,2.18
2020-07-13 8:06:30,41527,741,1,2.7,25.25,121.84,122.42,0.06,8.4,-90.72,4.16,15.65,5.28,96.82,7.96,4.71,1.18,1.16,1.15,2.7,11.68,5.55,2.7
2020-07-13 8:07:43,41528,741,1,3.18,25.23,122.46,123.01,0.06,8.38,-89.65,4.06,15.54,5.25,96.52,7.94,4.85,1.22,1.12,1.11,3.18,11.71,5.55,3.18
2020-07-13 8:08:56,41529,741,1,3.67,25.19,124.24,124.69,0.06,8.31,-85.07,4.49,15.55,5.25,95.03,7.82,4.93,1.24,1.18,1.17,3.67,11.73,5.55,3.67
2020-07-13 8:10:09,41530,741,1,4.17,25.16,124.65,125.03,0.06,8.25,-81.78,4.29,15.79,5.33,93.37,7.69,5.26,1.32,1.08,1.07,4.17,11.73,5.56,4.17
2020-07-13 8:11:22,41531,741,1,4.67,25.14,124.74,125.06,0.06,8.24,-81.23,4.14,15.83,5.34,93.19,7.68,4.96,1.24,1.07,1.06,4.67,11.74,5.55,4.67
2020-07-13 8:12:35,41532,741,1,5.17,25.08,124.62,124.8,0.06,8.18,-77.42,3.88,15.86,5.35,91.56,7.55,4.45,1.11,1.08,1.07,5.17,11.74,5.55,5.17
2020-07-13 8:13:48,41533,741,1,5.69,24.82,124.58,124.14,0.06,8.02,-67.73,3.16,16.4,5.53,85.76,7.11,3.87,0.97,0.64,0.62,5.69,11.75,5.55,5.69
2020-07-13 8:15:01,41534,741,1,6.22,24.14,125.5,123.44,0.06,7.76,-52.5,2.05,17.66,5.96,72.38,6.08,3.23,0.81,0.31,0.29,6.22,11.76,5.55,6.22
2020-07-13 8:16:14,41535,741,1,6.7,23.75,125.4,122.4,0.06,7.65,-45.48,1.81,18.43,6.22,63.1,5.34,3.46,0.86,0.19,0.17,6.7,11.72,5.56,6.7
2020-07-13 8:17:27,41536,741,1,7.2,23.3,125.87,121.78,0.06,7.56,-39.95,1.81,19.09,6.44,54.51,4.65,2.43,0.61,0.17,0.15,7.2,11.73,5.55,7.2
2020-07-13 8:18:39,41537,741,1,7.66,23.14,126.13,121.64,0.06,7.51,-37.05,2.11,19.61,6.62,47.82,4.09,3.04,0.76,0.18,0.16,7.66,11.76,5.55,7.66
2020-07-13 8:19:52,41538,741,1,8.19,22.67,127.42,121.75,0.06,7.45,-33.7,2.45,20.36,6.87,38.18,3.3,1.99,0.5,0.13,0.11,8.19,11.81,5.55,8.19
2020-07-13 8:21:05,41539,741,1,8.66,21.04,136.73,126.39,0.06,7.33,-26.61,3.04,26.53,8.95,9.41,0.84,1.67,0.42,0.1,0.08,8.67,11.79,5.55,8.66
2020-07-13 9:01:37,41540,742,1,0.49,25.27,123.3,123.93,0.06,8.57,-101.17,4.16,15.49,5.23,100.85,8.29,5.51,1.38,1.33,1.32,0.49,12.12,5.55,0.49
2020-07-13 9:02:51,41541,742,1,1.25,25.27,122.82,123.46,0.06,8.58,-101.48,3.62,15.51,5.24,101.05,8.31,4.97,1.25,1.36,1.35,1.25,12.13,5.55,1.25
2020-07-13 9:04:03,41542,742,1,1.72,25.27,122.16,122.79,0.06,8.59,-101.92,4.36,15.39,5.2,100.73,8.28,5.08,1.27,1.4,1.39,1.72,12.15,5.55,1.72
2020-07-13 9:05:15,41543,742,1,2.17,25.27,121.72,122.35,0.06,8.59,-102.12,4.57,15.55,5.25,101.27,8.32,4.75,1.19,1.36,1.35,2.17,12.12,5.56,2.17
2020-07-13 9:06:28,41544,742,1,2.73,25.27,121.1,121.72,0.06,8.52,-97.83,4.38,15.64,5.28,99.28,8.16,5.22,1.31,1.41,1.4,2.73,12.12,5.55,2.73
2020-07-13 9:07:40,41545,742,1,3.2,25.25,121.41,121.99,0.06,8.41,-91.45,3.75,15.62,5.27,97.19,7.99,4.84,1.21,1.33,1.32,3.2,12.01,5.56,3.2
2020-07-13 9:08:53,41546,742,1,3.71,25.19,121.59,122.03,0.06,8.3,-84.89,3.68,15.76,5.32,94.49,7.78,4.38,1.1,1.12,1.1,3.71,12.13,5.56,3.71
2020-07-13 9:10:06,41547,742,1,4.24,25.13,121.9,122.2,0.06,8.27,-82.97,4.49,15.65,5.28,93.71,7.72,4.33,1.08,1.14,1.13,4.24,12.25,5.56,4.24
2020-07-13 9:11:18,41548,742,1,4.7,25.1,121.8,122.05,0.06,8.23,-80.64,3.26,15.75,5.32,92.81,7.65,4.55,1.14,1.09,1.08,4.7,12.23,5.56,4.7
2020-07-13 9:12:31,41549,742,1,5.17,25.09,122.04,122.26,0.06,8.22,-80.1,3.75,15.83,5.34,92.27,7.61,4.73,1.18,1.05,1.04,5.18,12.17,5.55,5.17
2020-07-13 9:13:44,41550,742,1,5.72,24.58,122.67,121.68,0.06,7.99,-65.92,2.33,17.06,5.76,82.81,6.89,4.23,1.06,0.44,0.42,5.72,12.12,5.55,5.72
2020-07-13 9:14:57,41551,742,1,6.21,24.26,123.14,121.39,0.06,7.76,-52.09,2.45,17.94,6.05,71.37,5.98,3.25,0.81,0.31,0.3,6.21,12.12,5.56,6.21
2020-07-13 9:16:10,41552,742,1,6.72,23.83,123.52,120.76,0.06,7.64,-45.34,1.63,18.61,6.28,60.86,5.14,2.88,0.72,0.2,0.18,6.72,11.99,5.55,6.72
2020-07-13 9:17:23,41553,742,1,7.21,23.42,123.31,119.58,0.06,7.57,-40.83,1.86,19.13,6.45,55.69,4.74,2.86,0.72,0.15,0.13,7.21,12.12,5.55,7.21
2020-07-13 9:18:35,41554,742,1,7.66,23.16,123.96,119.6,0.06,7.51,-37.07,2.46,19.73,6.66,47.9,4.09,2.66,0.67,0.13,0.11,7.66,12.12,5.55,7.66
2020-07-13 9:19:48,41555,742,1,8.21,22.71,124.97,119.51,0.06,7.44,-33.22,2.69,20.26,6.84,39.21,3.38,2.47,0.62,0.12,0.1,8.21,12.12,5.55,8.21
2020-07-13 9:21:00,41556,742,1,8.67,21.05,135.17,124.98,0.06,7.33,-26.38,2.96,26.42,8.91,9.66,0.86,1.61,0.4,0.1,0.08,8.67,12.12,5.55,8.67
2020-07-13 10:01:34,41557,743,1,0.58,25.57,121.53,122.85,0.06,8.74,-111.35,6.2,14.68,4.96,105.39,8.62,4.16,1.04,1.44,1.43,0.59,12.12,5.55,0.58
2020-07-13 10:02:47,41558,743,1,1.26,25.44,121.6,122.64,0.06,8.76,-112.28,4.74,15.5,5.23,105.36,8.63,4.23,1.06,1.47,1.47,1.26,12.03,5.55,1.26
2020-07-13 10:03:59,41559,743,1,1.71,25.37,120.28,121.13,0.06,8.73,-110.27,4.4,15.3,5.16,104.54,8.58,5.38,1.35,1.39,1.39,1.71,11.98,5.55,1.71
2020-07-13 10:05:11,41560,743,1,2.17,25.3,120.57,121.26,0.06,8.66,-106.43,4.62,15.64,5.28,102.99,8.46,6.94,1.74,1.4,1.39,2.17,11.98,5.56,2.17
2020-07-13 10:06:24,41561,743,1,2.72,25.27,122.16,122.79,0.06,8.56,-100.19,4.72,15.6,5.27,100.47,8.26,8.8,2.21,1.37,1.36,2.72,11.95,5.55,2.72
2020-07-13 10:07:36,41562,743,1,3.17,25.23,122.89,123.43,0.06,8.38,-89.79,3.83,15.65,5.28,96.39,7.93,3.8,0.95,1.22,1.21,3.17,11.97,5.56,3.17
2020-07-13 10:08:49,41563,743,1,3.68,25.16,122.23,122.62,0.06,8.34,-87.17,4.19,15.53,5.24,95.6,7.87,4.75,1.19,1.21,1.2,3.68,11.95,5.56,3.68
2020-07-13 10:10:02,41564,743,1,4.19,25.16,122.06,122.44,0.06,8.34,-87.36,4.23,15.76,5.32,95.7,7.88,5.06,1.27,1.22,1.21,4.19,11.96,5.56,4.19
2020-07-13 10:11:15,41565,743,1,4.67,25.13,122.08,122.37,0.06,8.36,-88.34,4.39,15.76,5.32,96.44,7.95,4.84,1.21,1.15,1.14,4.67,11.97,5.56,4.67
2020-07-13 10:12:28,41566,743,1,5.19,25.07,122.45,122.61,0.06,8.33,-86.3,4.08,15.81,5.34,95.08,7.85,5.53,1.39,1.25,1.24,5.19,11.96,5.55,5.19